{"stats":{"minecraft:killed_by":{"minecraft:player":16,"abejasdedsafio_pipipi:abeja_mamada":2},"minecraft:used":{"minecraft:moss_block":23,"minecraft:water_bucket":1,"hormigas_papu:hormiga_explosiva_spawn_egg":36,"the_bumblezone:honey_bee_leggings_1":1,"reviil:r_eviil_spawn_egg":2,"minecraft:lime_wool":3,"minecraft:ender_pearl":25,"mobs_celestiales:celestial_ravager_spawn_egg":1,"minecraft:waxed_copper_block":2,"nethertitan:arambulo_spawn_egg":2,"minecraft:golden_apple":7,"abejasdedsafio_pipipi:abeja_2_spawn_egg":3,"minecraft:dirt":34,"minecraft:anvil":1,"d_remake_mod:cyan_stone":3,"minecraft:lingering_potion":2,"minecraft:crimson_fence_gate":1,"d_remake_mod:espada_celestial":5,"d_remake_mod:dungeon_armor_chestplate":3,"minecraft:oak_log":1,"minecraft:black_concrete":26,"minecraft:iron_block":16,"minecraft:grass_block":30,"d_remake_mod:dimensional_armor_chestplate":1,"minecraft:totem_of_undying":1,"d_remake_mod:dungeon_armor_helmet":2,"hormigas_papu:hormiga_grande_spawn_egg":7,"minecraft:netherite_boots":1,"beastdedsafio:eon_caparazon_chestplate":1,"d_remake_mod:fogata":22,"d_remake_mod:dungeon_armor_boots":2,"minecraft:bucket":1,"minecraft:coarse_dirt":2,"abejasdedsafio_pipipi:abeja_mamada_spawn_egg":2,"minecraft:acacia_planks":1},"minecraft:dropped":{"minecraft:diamond_block":64,"d_remake_mod:earth_armor_helmet":1,"minecraft:dark_oak_sign":1,"minecraft:ender_pearl":1,"d_remake_mod:dungeon_armor_leggings":1,"nethertitan:antorcha_de_velocidad":1,"minecraft:end_stone_brick_slab":64,"d_remake_mod:earth_armor_leggings":1,"d_remake_mod:dimensional_armor_leggings":1,"d_remake_mod:dimensional_armor_boots":1,"d_remake_mod:dungeon_armor_chestplate":1,"d_remake_mod:cyan_stone":1,"d_remake_mod:earth_armor_boots":1,"minecraft:grass_block":1,"d_remake_mod:espada_celestial":2,"minecraft:golden_apple":100,"d_remake_mod:espada_ancestral_afilada":2,"minecraft:stick":63,"minecraft:netherite_boots":2,"d_remake_mod:dungeon_armor_boots":1,"d_remake_mod:fogata":360,"d_remake_mod:dungeon_armor_helmet":1,"d_remake_mod:earth_armor_chestplate":1},"minecraft:custom":{"minecraft:interact_with_anvil":3,"minecraft:mob_kills":1,"minecraft:leave_game":4,"minecraft:time_since_death":183,"minecraft:time_since_rest":183,"minecraft:sprint_one_cm":144153,"minecraft:walk_one_cm":107149,"minecraft:damage_taken":6887,"minecraft:damage_absorbed":178,"minecraft:drop":131,"minecraft:damage_dealt":345,"minecraft:damage_dealt_absorbed":152,"minecraft:swim_one_cm":2823,"minecraft:fly_one_cm":380776,"minecraft:player_kills":8,"minecraft:open_chest":1,"minecraft:crouch_one_cm":27769,"minecraft:play_time":90581,"minecraft:deaths":30,"minecraft:sneak_time":10092,"minecraft:walk_under_water_one_cm":10544,"minecraft:jump":749,"minecraft:walk_on_water_one_cm":8665,"minecraft:total_world_time":90581,"minecraft:fall_one_cm":65759},"minecraft:picked_up":{"minecraft:wooden_axe":1,"minecraft:netherite_boots":6,"minecraft:coarse_dirt":77,"d_remake_mod:fogata":92,"d_remake_mod:dimensional_armor_boots":5,"minecraft:feather":1,"minecraft:basalt":2,"minecraft:chicken":1,"minecraft:anvil":256,"minecraft:water_bucket":4,"minecraft:oak_log":4,"minecraft:waxed_copper_block":1,"d_remake_mod:espada_celestial":25,"d_remake_mod:dungeon_armor_chestplate":13,"minecraft:dirt":386,"minecraft:string":4,"beastdedsafio:eon_caparazon_chestplate":4,"minecraft:acacia_planks":7,"d_remake_mod:dungeon_armor_boots":14,"minecraft:wheat_seeds":8,"d_remake_mod:cuchara":2,"minecraft:dark_oak_sign":1,"the_bumblezone:honey_bee_leggings_1":4,"minecraft:moss_block":97,"minecraft:stick":801,"the_bumblezone:stingless_bee_helmet_1":4,"d_remake_mod:espada_ancestral_afilada":8,"d_remake_mod:dungeon_armor_helmet":13,"nethertitan:antorcha_de_velocidad":21,"d_remake_mod:dimensional_armor_leggings":5,"minecraft:lime_terracotta":3,"d_remake_mod:cyan_stone":2,"d_remake_mod:dungeon_armor_leggings":1,"d_remake_mod:deditas":128,"d_remake_mod:dimensional_armor_chestplate":5,"minecraft:grass_block":11,"minecraft:diamond_block":64,"d_remake_mod:dimensional_armor_helmet":3,"abejasdedsafio_pipipi:abeja_mamada_spawn_egg":2,"minecraft:black_concrete":127,"nethertitan:arambulo_spawn_egg":1,"minecraft:iron_block":80,"minecraft:golden_apple":1484,"minecraft:totem_of_undying":1,"minecraft:end_stone_brick_slab":64,"minecraft:ender_pearl":255},"minecraft:mined":{"minecraft:tall_grass":4,"d_remake_mod:cyan_stone":1,"d_remake_mod:fogata":1}},"DataVersion":2975}