{"stats":{"minecraft:mined":{"minecraft:grass_block":1,"minecraft:frosted_ice":8,"minecraft:moss_block":3,"d_remake_mod:cyan_stone":1,"minecraft:grass":5},"minecraft:custom":{"minecraft:interact_with_smithing_table":1,"minecraft:mob_kills":7,"minecraft:interact_with_anvil":1,"minecraft:leave_game":12,"minecraft:time_since_death":82474,"minecraft:damage_resisted":165,"minecraft:time_since_rest":82474,"minecraft:sprint_one_cm":215912,"minecraft:damage_absorbed":630,"minecraft:damage_taken":8142,"minecraft:walk_one_cm":385232,"minecraft:drop":26,"minecraft:damage_dealt":7438,"minecraft:damage_dealt_absorbed":44,"minecraft:swim_one_cm":1667,"minecraft:fly_one_cm":2673046,"minecraft:player_kills":5,"minecraft:open_chest":1,"minecraft:crouch_one_cm":19971,"minecraft:play_time":310176,"minecraft:deaths":18,"minecraft:sneak_time":16240,"minecraft:walk_under_water_one_cm":2565,"minecraft:jump":2533,"minecraft:walk_on_water_one_cm":7207,"minecraft:total_world_time":310176,"minecraft:fall_one_cm":83745},"minecraft:killed_by":{"minecraft:player":7,"minecraft:zombie":1},"minecraft:picked_up":{"minecraft:netherite_boots":5,"d_remake_mod:earth_armor_helmet":1,"d_remake_mod:dimensional_armor_boots":2,"d_remake_mod:fogata":203,"minecraft:splash_potion":3,"d_remake_mod:earth_armor_leggings":1,"minecraft:water_bucket":3,"minecraft:leather":2,"nethertitan:arambulo_pata_3":3,"minecraft:oak_log":8,"d_remake_mod:espada_celestial":6,"d_remake_mod:dungeon_armor_chestplate":3,"d_remake_mod:recolector_de_almas":3,"minecraft:dirt":99,"minecraft:lantern":2,"beastdedsafio:eon_caparazon_chestplate":2,"minecraft:item_frame":1,"d_remake_mod:dungeon_armor_boots":2,"minecraft:wheat_seeds":4,"minecraft:netherite_sword":1,"minecraft:redstone_torch":1,"minecraft:azalea":2,"minecraft:poppy":2,"minecraft:enchanted_golden_apple":188,"minecraft:moss_block":69,"d_remake_mod:earth_armor_chestplate":1,"minecraft:stick":314,"d_remake_mod:espada_ancestral_afilada":2,"minecraft:lime_terracotta":2,"d_remake_mod:dungeon_armor_helmet":2,"nethertitan:antorcha_de_velocidad":1,"d_remake_mod:dimensional_armor_leggings":2,"minecraft:dandelion":1,"d_remake_mod:cyan_stone":1,"d_remake_mod:dungeon_armor_leggings":2,"d_remake_mod:dimensional_armor_chestplate":2,"minecraft:grass_block":3,"nethertitan:se_busca_eon":1,"minecraft:diamond_block":299,"d_remake_mod:dimensional_armor_helmet":3,"d_remake_mod:earth_armor_boots":1,"minecraft:black_concrete":192,"minecraft:lever":1,"minecraft:golden_apple":257,"minecraft:totem_of_undying":41,"hormigas_papu:lanza":2,"minecraft:ender_pearl":70},"minecraft:used":{"d_remake_mod:bloque_ruleta_2":1,"minecraft:moss_block":376,"minecraft:water_bucket":20,"minecraft:netherite_sword":177,"minecraft:iron_bars":41,"minecraft:smooth_quartz_slab":28,"minecraft:red_concrete":27,"abejasdedsafio_pipipi:abeja_1_spawn_egg":1,"minecraft:redstone":6,"minecraft:black_carpet":29,"minecraft:bone_block":155,"minecraft:oak_sign":2,"minecraft:copper_block":115,"minecraft:ender_pearl":36,"minecraft:white_terracotta":4,"d_remake_mod:dimensional_armor_leggings":1,"nethertitan:arambulo_spawn_egg":2,"minecraft:waxed_copper_block":93,"d_remake_mod:bloque_ruleta":1,"minecraft:cut_copper_stairs":1,"minecraft:torch":80,"minecraft:golden_apple":6,"minecraft:polished_blackstone_pressure_plate":1,"minecraft:lime_terracotta":5,"minecraft:dirt":243,"the_bumblezone:pollen_puff":46,"hormigas_papu:hormiga_negra_spawn_egg":1,"minecraft:yellow_concrete":26,"hormigas_papu:hormiga_normal_spawn_egg":1,"d_remake_mod:dimensional_armor_helmet":1,"minecraft:honey_bottle":2,"minecraft:milk_bucket":1,"d_remake_mod:espada_celestial":24,"minecraft:redstone_torch":3,"minecraft:oak_log":75,"minecraft:lever":2,"minecraft:black_concrete":159,"minecraft:honey_block":1,"minecraft:honeycomb":99,"hormigas_papu:lanza":19,"minecraft:red_wool":33,"minecraft:waxed_cut_copper":4,"minecraft:light_gray_concrete":110,"minecraft:lantern":6,"minecraft:grass_block":221,"d_remake_mod:dimensional_armor_boots":1,"hormigas_papu:hormiga_roja_spawn_egg":2,"nethertitan:pared_de_tierra_dungeon_hormigas_spawn_egg":4,"d_remake_mod:dimensional_armor_chestplate":1,"minecraft:cyan_concrete":20,"minecraft:spruce_trapdoor":2,"minecraft:totem_of_undying":3,"hormigas_papu:hormiga_grande_spawn_egg":1,"minecraft:item_frame":2,"minecraft:netherite_boots":3,"minecraft:basalt":7,"beastdedsafio:eon_caparazon_chestplate":2,"minecraft:exposed_cut_copper_slab":2,"minecraft:iron_trapdoor":9,"minecraft:acacia_fence":9,"minecraft:bucket":1,"minecraft:chain":9,"capybara:capybara_spawn_egg":1,"minecraft:waxed_cut_copper_stairs":4,"minecraft:white_concrete":292,"minecraft:coarse_dirt":27,"minecraft:acacia_planks":27,"minecraft:orange_terracotta":22,"minecraft:enchanted_golden_apple":2,"minecraft:splash_potion":4},"minecraft:killed":{"the_bumblezone:beehemoth":1,"minecraft:endermite":1,"minecraft:bee":1,"hormigas_papu:hormiga_roja":1,"reviil:r_eviil":1},"minecraft:dropped":{"minecraft:diamond_block":256,"minecraft:yellow_concrete":1,"minecraft:netherite_sword":1,"minecraft:honeycomb":1,"minecraft:totem_of_undying":2,"minecraft:waxed_copper_block":1,"nethertitan:se_busca_eon":2,"minecraft:stick":4,"minecraft:dirt":2,"minecraft:milk_bucket":1,"minecraft:chain":1,"minecraft:dandelion":1,"minecraft:redstone":64}},"DataVersion":2975}