{"stats":{"minecraft:custom":{"minecraft:interact_with_smithing_table":1,"minecraft:mob_kills":20,"minecraft:interact_with_anvil":5,"minecraft:interact_with_crafting_table":1,"minecraft:leave_game":28,"minecraft:time_since_death":48623,"minecraft:sprint_one_cm":303901,"minecraft:walk_one_cm":331541,"minecraft:drop":217,"minecraft:damage_dealt_absorbed":209,"minecraft:talked_to_villager":1,"minecraft:play_time":298775,"minecraft:deaths":25,"minecraft:sneak_time":43030,"minecraft:walk_under_water_one_cm":18472,"minecraft:jump":1803,"minecraft:walk_on_water_one_cm":26010,"minecraft:total_world_time":298775,"minecraft:time_since_rest":48623,"minecraft:damage_taken":6668,"minecraft:damage_absorbed":318,"minecraft:damage_dealt":8922,"minecraft:swim_one_cm":3683,"minecraft:fly_one_cm":3697632,"minecraft:player_kills":16,"minecraft:open_chest":3,"minecraft:crouch_one_cm":126349,"minecraft:fall_one_cm":63614},"minecraft:killed_by":{"minecraft:player":7,"hormigas_papu:hormiga_grande":2},"minecraft:picked_up":{"minecraft:coarse_dirt":16,"minecraft:lead":6,"minecraft:turtle_egg":1,"minecraft:acacia_button":1,"d_remake_mod:espada_celestial":10,"minecraft:fire_coral":1,"minecraft:moss_carpet":2,"minecraft:elytra":3,"beastdedsafio:eon_caparazon_chestplate":1,"minecraft:netherite_sword":3,"minecraft:bubble_coral":1,"nethertitan:arambulo_verde_spawn_egg":1,"minecraft:coal_block":1,"minecraft:spruce_pressure_plate":1,"minecraft:stick":82,"minecraft:raw_iron":1,"beastdedsafio:tramplanta_spawn_egg":1,"minecraft:stone_button":1,"nethertitan:se_busca_eon":1,"minecraft:waxed_cut_copper_stairs":1,"minecraft:tube_coral":1,"reviil:r_eviil_spawn_egg":1,"nethertitan:arambulo_pata":3,"minecraft:command_block":1,"minecraft:iron_block":16,"minecraft:end_rod":1,"minecraft:totem_of_undying":14,"hormigas_papu:lanza":4,"d_remake_mod:fogata":817,"minecraft:water_bucket":9,"minecraft:leather":8,"minecraft:horn_coral":1,"d_remake_mod:recolector_de_almas":7,"minecraft:dirt":33,"minecraft:lantern":3,"minecraft:acacia_planks":1,"d_remake_mod:dungeon_armor_boots":1,"minecraft:wheat_seeds":2,"minecraft:crimson_fence_gate":1,"minecraft:moss_block":24,"minecraft:iron_sword":6,"minecraft:brain_coral":1,"d_remake_mod:dungeon_armor_helmet":1,"minecraft:yellow_concrete":1,"nethertitan:antorcha_de_velocidad":5,"minecraft:dandelion":1,"d_remake_mod:cyan_stone":1,"minecraft:grass_block":4,"minecraft:diamond_block":538,"d_remake_mod:bloque_ruleta":1,"minecraft:black_concrete":17,"minecraft:chainmail_leggings":1,"minecraft:golden_apple":807,"minecraft:chainmail_helmet":3,"minecraft:oak_button":2,"minecraft:end_stone_brick_slab":64,"d_remake_mod:bloque_ruleta_2":1,"minecraft:ender_pearl":193},"minecraft:used":{"d_remake_mod:bloque_ruleta_2":16,"minecraft:oak_fence":2,"minecraft:moss_block":99,"minecraft:moss_carpet":7,"minecraft:netherite_sword":111,"minecraft:flint_and_steel":3,"minecraft:redstone":3,"minecraft:bone_block":3,"minecraft:oak_sign":5,"minecraft:black_carpet":1,"minecraft:chest":2,"minecraft:axolotl_spawn_egg":7,"minecraft:stone":59,"canalizadorderuinas_pipipi:canalizador_de_runas":7,"the_bumblezone:beehemoth_spawn_egg":2,"minecraft:tube_coral":2,"minecraft:exposed_cut_copper_stairs":1,"minecraft:dirt":280,"minecraft:anvil":3,"minecraft:white_carpet":1,"nethertitan:arambulo_verde_spawn_egg":4,"minecraft:jungle_planks":29,"minecraft:spruce_stairs":1,"hormigas_papu:hormiga_negra_spawn_egg":1,"minecraft:oak_wood":44,"minecraft:acacia_button":1,"minecraft:glass":30,"minecraft:crimson_button":1,"hormigas_papu:lanza":2,"minecraft:red_wool":42,"minecraft:lantern":8,"minecraft:grass_block":1003,"minecraft:crimson_planks":2,"d_remake_mod:orange_stone":1,"minecraft:totem_of_undying":2,"minecraft:item_frame":3,"minecraft:basalt":4,"minecraft:furnace":3,"d_remake_mod:fogata":4,"minecraft:acacia_fence":2,"minecraft:acacia_planks":162,"minecraft:water_bucket":62,"minecraft:end_rod":6,"minecraft:cut_copper_slab":16,"reviil:r_eviil_spawn_egg":1,"minecraft:oak_planks":6,"minecraft:copper_block":258,"minecraft:ender_pearl":26,"minecraft:redstone_block":13,"d_remake_mod:dimensional_armor_leggings":3,"minecraft:waxed_copper_block":31,"minecraft:polished_blackstone_bricks":1,"minecraft:oak_leaves":32,"d_remake_mod:bloque_ruleta":33,"nethertitan:arambulo_spawn_egg":5,"minecraft:brain_coral":1,"minecraft:golden_apple":19,"minecraft:diamond_block":1,"minecraft:sand":1,"beastdedsafio:tramplanta_spawn_egg":2,"minecraft:crafting_table":2,"nethertitan:arambulo_morado_spawn_egg":4,"minecraft:yellow_concrete":155,"minecraft:netherite_helmet":1,"minecraft:fire_coral":6,"d_remake_mod:dimensional_armor_helmet":3,"minecraft:red_sandstone_wall":6,"minecraft:crimson_fence_gate":9,"d_remake_mod:espada_celestial":41,"minecraft:oak_log":16,"minecraft:lever":1,"minecraft:acacia_stairs":18,"minecraft:black_concrete":92,"minecraft:command_block":9,"minecraft:light_gray_concrete":56,"d_remake_mod:dimensional_armor_boots":3,"minecraft:cyan_bed":1,"minecraft:brown_wool":2,"minecraft:stone_button":2,"d_remake_mod:dimensional_armor_chestplate":3,"minecraft:magenta_concrete":11,"minecraft:cyan_concrete":1,"minecraft:spruce_trapdoor":5,"minecraft:acacia_fence_gate":4,"beastdedsafio:eon_caparazon_chestplate":1,"minecraft:coal_block":2,"minecraft:azalea_leaves":3,"minecraft:smithing_table":1,"minecraft:bucket":3,"minecraft:glass_pane":10,"capybara:capybara_spawn_egg":1,"minecraft:waxed_cut_copper_stairs":57,"minecraft:white_concrete":196,"minecraft:kelp":3,"minecraft:coarse_dirt":19},"minecraft:killed":{"hormigas_papu:hormiga_negra":2,"hormigas_papu:hormiga_normal":1,"abejasdedsafio_pipipi:abeja_mamada":1,"hormigas_papu:hormiga_grande":1,"minecraft:axolotl":2,"nethertitan:arambulo":1,"the_bumblezone:beehemoth":1,"minecraft:wandering_trader":3,"beastdedsafio:tramplanta":2,"minecraft:trader_llama":6,"hormigas_papu:hormiga_roja":1},"minecraft:dropped":{"minecraft:water_bucket":1,"d_remake_mod:bloque_ruleta":1,"minecraft:moss_block":1,"d_remake_mod:deditas":64,"minecraft:ender_pearl":41,"beastdedsafio:tramplanta_spawn_egg":1,"d_remake_mod:dimensional_armor_chestplate":1,"minecraft:end_stone_brick_slab":64,"nethertitan:antorcha_de_velocidad":3,"minecraft:lantern":2,"minecraft:crimson_fence_gate":1,"minecraft:grass_block":5,"minecraft:golden_apple":374,"minecraft:coal_block":1,"d_remake_mod:espada_ancestral_afilada":1,"minecraft:stick":135,"minecraft:end_rod":1,"minecraft:dirt":6,"minecraft:grass":1,"d_remake_mod:dimensional_armor_helmet":1,"minecraft:stone_button":1,"d_remake_mod:cuchara":1,"minecraft:netherite_boots":1,"d_remake_mod:dungeon_armor_boots":1,"minecraft:horn_coral":1,"d_remake_mod:bloque_ruleta_2":1,"nethertitan:arambulo_verde_spawn_egg":1,"minecraft:sand":1,"minecraft:tube_coral":1,"minecraft:black_concrete":1,"minecraft:dandelion":1,"minecraft:bubble_coral":1,"minecraft:diamond_block":71,"minecraft:raw_iron":1,"minecraft:enchanted_golden_apple":64,"d_remake_mod:dimensional_armor_leggings":1,"d_remake_mod:dimensional_armor_boots":1,"minecraft:totem_of_undying":7,"d_remake_mod:espada_celestial":2,"minecraft:stone":3,"minecraft:oak_button":1,"minecraft:azalea_leaves":1,"minecraft:oak_wood":2,"minecraft:fire_coral":1,"hormigas_papu:lanza":3,"minecraft:brain_coral":1,"d_remake_mod:fogata":192}},"DataVersion":2975}