{"stats":{"minecraft:crafted":{"minecraft:oak_button":1},"minecraft:killed_by":{"reviil:r_eviil":3},"minecraft:picked_up":{"d_remake_mod:espada_belica":4,"minecraft:splash_potion":1,"minecraft:milk_bucket":1,"d_remake_mod:dimensional_armor_boots":4,"minecraft:ladder":2,"minecraft:pumpkin":28,"d_remake_mod:dimensional_armor_leggings":2,"minecraft:torch":67,"minecraft:dandelion":2,"d_remake_mod:dimensional_armor_chestplate":4,"minecraft:grass_block":5,"nethertitan:se_busca_eon":2,"d_remake_mod:dimensional_armor_helmet":4,"minecraft:dirt":540,"beastdedsafio:eon_caparazon_chestplate":1,"minecraft:oak_wood":1,"minecraft:command_block":1,"minecraft:bucket":1,"minecraft:totem_of_undying":2,"minecraft:oak_button":1,"minecraft:enchanted_golden_apple":227,"minecraft:moss_block":3,"minecraft:oak_planks":1},"minecraft:custom":{"minecraft:time_since_rest":303,"minecraft:sprint_one_cm":91821,"minecraft:damage_taken":2202,"minecraft:walk_one_cm":109889,"minecraft:damage_absorbed":1280,"minecraft:mob_kills":1,"minecraft:drop":3,"minecraft:damage_dealt":2003,"minecraft:fly_one_cm":456802,"minecraft:open_chest":1,"minecraft:crouch_one_cm":2488,"minecraft:play_time":117195,"minecraft:deaths":4,"minecraft:sneak_time":804,"minecraft:jump":678,"minecraft:walk_on_water_one_cm":145,"minecraft:leave_game":6,"minecraft:time_since_death":303,"minecraft:climb_one_cm":12,"minecraft:total_world_time":117195,"minecraft:damage_resisted":583,"minecraft:fall_one_cm":7459},"minecraft:used":{"minecraft:oak_log":1,"minecraft:moss_block":3,"minecraft:command_block":3,"minecraft:flint_and_steel":4,"reviil:r_eviil_spawn_egg":1,"minecraft:grass_block":79,"d_remake_mod:dimensional_armor_boots":2,"minecraft:oak_button":1,"d_remake_mod:dimensional_armor_chestplate":2,"d_remake_mod:dimensional_armor_leggings":1,"minecraft:dirt":73,"minecraft:hay_block":1,"d_remake_mod:fogata":2,"minecraft:campfire":2,"minecraft:oak_wood":1,"d_remake_mod:espada_belica":13,"d_remake_mod:dimensional_armor_helmet":2,"minecraft:enchanted_golden_apple":11,"minecraft:splash_potion":25,"minecraft:milk_bucket":1},"minecraft:mined":{"minecraft:grass":6,"minecraft:oak_wood":1,"minecraft:moss_block":3},"minecraft:dropped":{"minecraft:torch":1,"minecraft:totem_of_undying":2}},"DataVersion":2975}